"0","test_that(""single mode returned correctly."", {"
"0","  numb <- group_by(as_data_frame(as_factor(c(2, 3, 3))), value)"
"0","  numb2 <- as_data_frame(as_factor(3))"
"0","  expect_identical(as_tibble(modefunction(numb)), numb2)"
"0","})"
"2","Error: Test failed: 'single mode returned correctly.'
* no applicable method for 'as_factor' applied to an object of class ""c('double', 'numeric')""
1: group_by(as_data_frame(as_factor(c(2, 3, 3))), value) at :2
2: as_data_frame(as_factor(c(2, 3, 3)))
3: as_factor(c(2, 3, 3))
"
