{"chunk_definitions":[{"chunk_id":"czo8fmgc59drm","chunk_label":"unnamed-chunk-1","document_id":"CC49CACD","expansion_state":0,"options":{"engine":"r","label":"unnamed-chunk-1"},"row":27,"row_count":1,"visible":true},{"chunk_id":"cdzdp3hlf2aqb","chunk_label":"unnamed-chunk-4","document_id":"CC49CACD","expansion_state":0,"options":{"engine":"r","label":"unnamed-chunk-74"},"row":65,"row_count":1,"visible":true},{"chunk_id":"cbp5hdfqdvdsn","chunk_label":"unnamed-chunk-5","document_id":"CC49CACD","expansion_state":0,"options":{"engine":"r","label":"unnamed-chunk-78"},"row":78,"row_count":1,"visible":true},{"chunk_id":"cecike85o5ida","chunk_label":"unnamed-chunk-6","document_id":"CC49CACD","expansion_state":0,"options":{"engine":"r","label":"unnamed-chunk-2"},"row":85,"row_count":1,"visible":true},{"chunk_id":"cv341eddimlsn","chunk_label":"unnamed-chunk-7","document_id":"CC49CACD","expansion_state":0,"options":{"engine":"r","label":"unnamed-chunk-44"},"row":89,"row_count":1,"visible":true},{"chunk_id":"ctiig3f3b626h","chunk_label":"unnamed-chunk-8","document_id":"CC49CACD","expansion_state":0,"options":{"engine":"r","label":"unnamed-chunk-31"},"row":102,"row_count":1,"visible":true}],"doc_write_time":1541822958}