{"chunk_definitions":[{"chunk_id":"csetup_chunk","chunk_label":"setup","document_id":"3951178D","expansion_state":0,"options":{"engine":"r","include":false,"label":"setup"},"row":15,"row_count":1,"visible":true},{"chunk_id":"cztlaofogkyy7","chunk_label":"example","document_id":"3951178D","expansion_state":0,"options":{"engine":"r","label":"example"},"row":45,"row_count":1,"visible":true}],"default_chunk_options":{"collapse":true,"comment":"#>","error":false,"fig.path":"man/figures/README-","out.width":"100%"},"doc_write_time":1542307964,"working_dir":null}