{"chunk_definitions":[{"chunk_id":"c960okb8ki56s","chunk_label":"unnamed-chunk-1","document_id":"9B225D8D","expansion_state":0,"options":{"engine":"r","label":"unnamed-chunk-2"},"row":14,"row_count":1,"visible":true},{"chunk_id":"c76awmf8cfozb","chunk_label":"unnamed-chunk-2","document_id":"9B225D8D","expansion_state":0,"options":{"engine":"r","label":"unnamed-chunk-3"},"row":22,"row_count":1,"visible":true},{"chunk_id":"cycnzchhua4gp","chunk_label":"unnamed-chunk-3","document_id":"9B225D8D","expansion_state":0,"options":{"engine":"r","label":"unnamed-chunk-4"},"row":33,"row_count":1,"visible":true},{"chunk_id":"ce9jds8bey8jx","chunk_label":"unnamed-chunk-4","document_id":"9B225D8D","expansion_state":0,"options":{"engine":"r","label":"unnamed-chunk-1"},"row":39,"row_count":1,"visible":true}],"default_chunk_options":{"collapse":true,"comment":"#>","error":false},"doc_write_time":1542235891,"working_dir":null}